wild_Peptide	mut_Peptide	wild_MHC	wild_Aff(nM)	wild_BindLevel	mut_Aff(nM)	mut_BindLevel
YFFLRNFSL	FVFLRNFSL	HLA-A*02:01	338.74		23.09	<=SB
YRSGENLNL	YLSGANLNL	HLA-A*02:01	20053.87		8.84	<=SB
FNRGPAYGL	FLRGRAYGL	HLA-A*02:01	22125.50		184.04	<=WB
AVAGAAVLY	AVAGAAILV	HLA-A*02:01	20807.60		257.43	<=WB
AVAGAALLH	AVAGAAILV	HLA-A*02:01	27607.06		257.43	<=WB
SDYFGGSCV	SLYFGGICV	HLA-A*02:01	16395.94		18.17	<=SB
NFLSQVLGV	NMLSTVLGV	HLA-A*02:01	2856.62		5.66	<=SB
FRAGYGAGV	ILAGYGAGV	HLA-A*02:01	10478.81		11.55	<=SB
KPIANNTYV	KLIANNTRV	HLA-A*02:01	14303.12		32.88	<=SB
TLAGGVAVG	KLAGGVAVI	HLA-A*02:01	6704.07		31.20	<=SB
VLAGGVAVG	KLAGGVAVI	HLA-A*02:01	4547.99		31.20	<=SB
KDGERYNQM	KLGEFYNQM	HLA-A*02:01	37765.28		93.68	<=SB
SMHFYGWKQ	SMHFYGWSL	HLA-A*02:01	12700.95		27.23	<=WB
MMLLLIAVL	MLLALIAVL	HLA-A*02:01	42.25		9.81	<=WB
MKLALIRVL	MLLALIAVL	HLA-A*02:01	17338.87		9.81	<=WB
LLCALLSCL	FLLALLSCL	HLA-A*02:01	101.62		6.82	<=SB
ALRHGVRVL	ALAHGVRAL	HLA-A*02:01	5533.71		175.58	<=SB
FELLADAGV	FLLLADARV	HLA-A*02:01	7670.63		7.59	<=SB
RLNFLESKF	RLNQLESKV	HLA-A*02:01	9339.41		542.99	<=SB
GLILVLGFL	GLIMVLSFL	HLA-A*02:01	330.90		52.46	<=WB
GSAGGPALL	GIAGGLALL	HLA-A*02:01	12074.08		84.37	<=SB
GGAGGLAGL	GIAGGLALL	HLA-A*02:01	10708.96		84.37	<=SB
DLKKITNSL	YLKKIKNSL	HLA-A*02:01	17564.50		1118.84	<=SB
GLKKIKNDL	YLKKIKNSL	HLA-A*02:01	16583.28		1118.84	<=SB
DLKKITNSL	YLKKIQNSL	HLA-A*02:01	17564.50		180.71	<=SB
YLDKVRALE	YLDKVRATV	HLA-A*02:01	4529.13		12.86	<=SB
LVMAQDQRI	LVMAQLLRI	HLA-A*02:01	4195.59		91.94	<=WB
LVMAQLLNQ	LVMAQLLRI	HLA-A*02:01	19617.79		91.94	<=WB
ALSLAEVLP	ALSLAAVLV	HLA-A*02:01	6872.70		94.37	<=WB
TVVSLVVLA	KVVSLVILA	HLA-A*02:01	2229.17		756.46	<=WB
LVVSLVSLA	KVVSLVILA	HLA-A*02:01	2049.47		756.46	<=WB
WILKNSWGA	WIIKNSWTA	HLA-A*02:01	92.74		64.46	<=WB
WIIKNSWGE	WIIKNSWTA	HLA-A*02:01	11147.95		64.46	<=WB
PLLLGLLGL	LLLLGLWGL	HLA-A*02:01	444.56		10.69	<=SB
LRLGGLWGL	LLLLGLWGL	HLA-A*02:01	3251.12		10.69	<=SB
LLLLCLAGL	LLLLGLWGL	HLA-A*02:01	32.57		10.69	<=SB
LLLLGLCGN	LLLLGLWGL	HLA-A*02:01	11310.62		10.69	<=SB
LLLLGLLGF	LLLLGLWGL	HLA-A*02:01	5635.83		10.69	<=SB
LLLLGLLGR	LLLLGLWGL	HLA-A*02:01	13181.30		10.69	<=SB
GLPSKSLED	ILPSKSLEV	HLA-A*02:01	29893.79		25.09	<=SB
FCYMLALLL	FLYALALLL	HLA-A*02:01	4044.23		5.97	<=SB
LGVDLLWTL	LLVDLLWLL	HLA-A*02:01	1530.95		4.24	<=SB
LLVVLLLLL	LLVDLLWLL	HLA-A*02:01	378.96		4.24	<=SB
TLEEFSAGE	TLEEFSAKL	HLA-A*02:01	14890.39		207.84	<=SB
RDPGVAETL	RVPGVAPTL	HLA-A*02:01	31169.06		1559.15	<=WB
ILDCERDKV	ILDEERDKV	HLA-A*02:01	998.40		202.94	<=SB
ALAYGLDKS	ALAYGIDKV	HLA-A*02:01	8509.31		23.72	<=SB
ALAYGIYKQ	ALAYGIDKV	HLA-A*02:01	13153.66		23.72	<=SB
SRKLAEQEL	SLDLAEQEL	HLA-A*02:01	38721.91		419.62	<=SB
SRRLAEQEL	SLDLAEQEL	HLA-A*02:01	37561.95		419.62	<=SB
TPHEYMLSL	TLHEYMLDL	HLA-A*02:01	20229.53		54.22	<=SB
RLGAVILRW	RLGAVILFV	HLA-A*02:01	13243.63		8.16	<=SB
LLPPEASEG	LLPPELSET	HLA-A*02:01	20143.91		690.31	<=WB
ELLEDPVGR	ALLEDPVGT	HLA-A*02:01	26243.92		161.62	<=SB
AAGGGATGH	ALGGGATGV	HLA-A*02:01	42188.25		140.47	<=SB
ALGGGALGP	ALGGGATGV	HLA-A*02:01	14613.16		140.47	<=SB
FKGENVTLT	FLGERVTLT	HLA-A*02:01	30584.11		43.99	<=SB
ASAGASTSA	AMAGASTSA	HLA-A*02:01	18085.20		289.28	<=WB
ANANASTSA	AMAGASTSA	HLA-A*02:01	31267.35		289.28	<=WB
SLAPLQAEH	SLSPLQAEL	HLA-A*02:01	18156.76		40.66	<=SB
PLLLLLALL	RLLPLLALL	HLA-A*02:01	510.84		7.52	<=SB
RALTLLALL	RLLPLLALL	HLA-A*02:01	778.47		7.52	<=SB
RPLLLLALL	RLLPLLALL	HLA-A*02:01	11750.98		7.52	<=SB
RILLLLALL	RLLPLLALL	HLA-A*02:01	143.87		7.52	<=SB
RALPLQALL	RLLPLLALL	HLA-A*02:01	2689.75		7.52	<=SB
RMLPLLALG	RLLPLLALL	HLA-A*02:01	606.19		7.52	<=SB
RLFPLLALG	RLLPLLALL	HLA-A*02:01	346.79		7.52	<=SB
TIGDFWQMI	TIADFWQMV	HLA-A*02:01	2077.60		83.64	<=SB
VIVMITNLV	VIVMLTPLV	HLA-A*02:01	378.25		133.02	<=WB
VIVMLTELK	VIVMLTPLV	HLA-A*02:01	25571.49		133.02	<=WB
LDCDAVLQL	LIVDAVLQL	HLA-A*02:01	22857.70		172.90	<=SB
LSGDKSENV	LMGDKSENV	HLA-A*02:01	15664.32		83.68	<=SB
LVLLDVCPL	LLLLDVAPL	HLA-A*02:01	424.25		12.94	<=WB
LLLGDVAPN	LLLLDVAPL	HLA-A*02:01	4538.75		12.94	<=WB
LLLLLLAPL	LLLLDVAPL	HLA-A*02:01	25.26		12.94	<=WB
LLLLVVAPP	LLLLDVAPL	HLA-A*02:01	923.38		12.94	<=WB
VMRTLLPPA	VMATLLPPV	HLA-A*02:01	391.04		3.42	<=SB
FQNLFLNTG	FQQLFLNTL	HLA-A*02:01	9320.54		219.94	<=WB
LEPPDPNGL	LQPPDPVGL	HLA-A*02:01	37184.27		6540.07	<=WB
LLLGTLLIS	LLLGTLNIV	HLA-A*02:01	473.07		13.11	<=SB
TPQIVSLEV	TLQDVSLEV	HLA-A*02:01	21353.38		13.37	<=SB
QTVLELTET	KTVLELTEV	HLA-A*02:01	21642.72		345.36	<=WB
TLQKIVLHE	TLQDIVLHL	HLA-A*02:01	15939.24		18.46	<=SB
FYAGALLLA	FLYGALLLA	HLA-A*02:01	4961.55		4.63	<=SB
SLEEEARFS	SLEEEIRFL	HLA-A*02:01	17765.00		212.40	<=SB
ALAEGVLLR	ALAEGDLLA	HLA-A*02:01	6504.86		106.49	<=SB
TMVTTSTTT	GMVTTSTTL	HLA-A*02:01	6413.30		383.38	<=WB
GTETTSTTL	GMVTTSTTL	HLA-A*02:01	20682.35		383.38	<=WB
AVAMHVAAN	AVADHVAAV	HLA-A*02:01	25496.90		10.16	<=SB
LMASSPQDI	LMASSPTSI	HLA-A*02:01	1247.33		99.70	<=WB
FPWGPRAHA	FLWGPRAYA	HLA-A*02:01	21711.92		12.06	<=SB
FPWGPRAYL	FLWGPRAYA	HLA-A*02:01	8341.04		12.06	<=SB
FSMLSLLVI	FLSLSLLVI	HLA-A*02:01	362.59		45.98	<=WB
GFAAFVVAV	GLAAAVVAV	HLA-A*02:01	1666.90		7.87	<=SB
GPAAAVVLV	GLAAAVVAV	HLA-A*02:01	12427.17		7.87	<=SB
FHYVLVNSL	FMGVLVNSL	HLA-A*02:01	13209.71		21.92	<=WB
DMLVLLAGI	AMLVLLAEI	HLA-A*02:01	1945.64		21.56	<=WB
LMLVLLAFI	AMLVLLAEI	HLA-A*02:01	44.97		21.56	<=WB
GAAGGPATA	GLAGGAATA	HLA-A*02:01	15516.55		200.42	<=WB
GGAGGAATV	GLAGGAATA	HLA-A*02:01	9885.60		200.42	<=WB
GLEGTAATA	GLAGGAATA	HLA-A*02:01	4658.30		200.42	<=WB
GLAIGAASA	GLAGGAATA	HLA-A*02:01	807.65		200.42	<=WB
QLVQSGSEL	QLVQSGAEV	HLA-A*02:01	4268.30		853.38	<=WB
SSMDLLSSR	SLMDLLSSL	HLA-A*02:01	18679.63		4.06	<=SB
SLMGLLSSH	SLMDLLSSL	HLA-A*02:01	8705.06		4.06	<=SB
ALLALCRAE	ALLALTRAI	HLA-A*02:01	12420.99		87.38	<=WB
FVVLILLSA	FVVPILLKA	HLA-A*02:01	1153.13		128.64	<=SB
GYLDQVAAL	GLLDQVAAL	HLA-A*02:01	9519.17		8.36	<=SB
GHLDQVAAL	GLLDQVAAL	HLA-A*02:01	19103.97		8.36	<=SB
GLREDLLRG	GLREDLLSL	HLA-A*02:01	17712.41		67.13	<=SB
VTEECPLAV	VTYECPLLV	HLA-A*02:01	4169.30		59.93	<=WB
KLEKSEDEP	KLEKIEDEL	HLA-A*02:01	36330.43		1259.09	<=WB
SYSVGISAL	SISVLISAL	HLA-A*02:01	20842.07		905.69	<=WB
VVTLVLVIL	VVTGVLVYL	HLA-A*02:01	5029.39		118.35	<=SB
VVTGVLGCL	VVTGVLVYL	HLA-A*02:01	4466.93		118.35	<=SB
MLLDKNVPN	MLLDKNIPI	HLA-A*02:01	4908.48		4.17	<=SB
LSLSNVAGV	LIASNVAGV	HLA-A*02:01	318.90		20.73	<=WB
GQESLEEEL	GLLSLEEEL	HLA-A*02:01	14022.85		48.52	<=SB
GLLSLEEYN	GLLSLEEEL	HLA-A*02:01	18130.85		48.52	<=SB
GTLFILAGL	VMLFILAGL	HLA-A*02:01	238.82		21.43	<=WB
DEDEILEKD	DIDEILEKV	HLA-A*02:01	47174.62		5229.26	<=WB
SAPNTITVL	SLYNTITVL	HLA-A*02:01	17317.68		37.66	<=SB
PLAGSVDEQ	VLAGSVDEL	HLA-A*02:01	36222.09		60.77	<=SB
ADVGLTLGV	ALLGLTLGV	HLA-A*02:01	11580.20		4.60	<=SB
ALLGLGLGQ	ALLGLTLGV	HLA-A*02:01	13680.12		4.60	<=SB
APAPAPAMV	ALAPAPAEV	HLA-A*02:01	15087.76		9.51	<=SB
APAPAPASV	ALAPAPAEV	HLA-A*02:01	13137.16		9.51	<=SB
APAPAPAPV	ALAPAPAEV	HLA-A*02:01	9152.74		9.51	<=SB
ILLLSLNPD	ILLLSLNPV	HLA-A*02:01	6544.11		6.25	<=SB
AASYGVGAV	ALSAGVGAV	HLA-A*02:01	8458.09		76.26	<=WB
AASAGAGAV	ALSAGVGAV	HLA-A*02:01	13323.83		76.26	<=WB
AHSAGVGAI	ALSAGVGAV	HLA-A*02:01	29323.57		76.26	<=WB
ALSAGAGAQ	ALSAGVGAV	HLA-A*02:01	25278.79		76.26	<=WB
RSLQAVPGA	AQLQAVPGA	HLA-A*02:01	5219.82		420.39	<=WB
GLLTCCSVL	GLLTVCYVL	HLA-A*02:01	148.99		31.93	<=WB
NFDEKPVII	ILDEKPVII	HLA-A*02:01	18224.26		85.68	<=SB
FIGMESAGI	FLGMESCGI	HLA-A*02:01	251.53		24.26	<=WB
LLRSLRVFL	ALRNLRVFL	HLA-A*02:01	694.78		808.59	<=WB
AHILAVLLV	AIIIAVLLV	HLA-A*02:01	13780.69		493.37	<=WB
LLNATDGNV	LLNATDIAV	HLA-A*02:01	649.90		19.59	<=SB
ALLALLCVA	ALLALLIYA	HLA-A*02:01	45.21		29.48	<=SB
MLLWTAVLF	MLLWTAVAV	HLA-A*02:01	838.39		6.97	<=WB
YLRTRPAAN	YLRTFPAAL	HLA-A*02:01	29198.84		64.93	<=SB
YLRTLPAAP	YLRTFPAAL	HLA-A*02:01	7373.85		64.93	<=SB
DITSFLLSV	DLTSFLLSL	HLA-A*02:01	1089.71		915.10	<=WB
DLTSTLNSL	DLTSFLLSL	HLA-A*02:01	7017.95		915.10	<=WB
PLGAVLSIL	ILGALLSIL	HLA-A*02:01	3346.16		108.49	<=WB
LAVDGRLSL	LAVDGVLSV	HLA-A*02:01	13217.00		319.61	<=WB
ELVMSQANV	KLVMSQANV	HLA-A*02:01	3057.54		72.24	<=WB
ELVMAQANV	KLVMSQANV	HLA-A*02:01	2511.21		72.24	<=WB
DLSRLLTKL	ALSALLTKL	HLA-A*02:01	7821.48		55.97	<=SB
GVLGLIATC	IVLGLIATA	HLA-A*02:01	3445.92		196.31	<=WB
LNQEEEEEE	LLQEEEEEL	HLA-A*02:01	46131.79		121.82	<=SB
LAQEEEEED	LLQEEEEEL	HLA-A*02:01	44323.86		121.82	<=SB
LLDEEEEEN	LLQEEEEEL	HLA-A*02:01	32347.18		121.82	<=SB
LLQDEEEEE	LLQEEEEEL	HLA-A*02:01	23333.21		121.82	<=SB
LLQEEEQER	LLQEEEEEL	HLA-A*02:01	19964.25		121.82	<=SB
ELQQEEEQL	KLQQKEEQL	HLA-A*02:01	13896.73		866.31	<=SB
KLHQKEEQF	KLQQKEEQL	HLA-A*02:01	12626.54		866.31	<=SB
ELRKEEETL	VLRKEEEKL	HLA-A*02:01	18136.54		6249.59	<=WB
LLQAVLPSW	LLSAVLPSV	HLA-A*02:01	6056.60		3.95	<=SB
LYLESPAGV	LLLRSPAGV	HLA-A*02:01	6270.66		16.12	<=SB
LLLRNPAGH	LLLRSPAGV	HLA-A*02:01	26152.10		16.12	<=SB
LFLTALAGA	LLLPALAGA	HLA-A*02:01	4216.66		10.80	<=SB
LRLLALAGA	LLLPALAGA	HLA-A*02:01	21994.23		10.80	<=SB
LLLLLLAGA	LLLPALAGA	HLA-A*02:01	74.86		10.80	<=SB
LLLRAQAGA	LLLPALAGA	HLA-A*02:01	311.89		10.80	<=SB
LLLLAAAGA	LLLPALAGA	HLA-A*02:01	156.86		10.80	<=SB
LLLLALCGA	LLLPALAGA	HLA-A*02:01	44.70		10.80	<=SB
LLLLALACA	LLLPALAGA	HLA-A*02:01	89.54		10.80	<=SB
LLLPALAAR	LLLPALAGA	HLA-A*02:01	6481.67		10.80	<=SB
DLAAVTALL	LLAAVAALL	HLA-A*02:01	1062.04		11.41	<=SB
LWAAEAALL	LLAAVAALL	HLA-A*02:01	10682.00		11.41	<=SB
LQAAVAALM	LLAAVAALL	HLA-A*02:01	481.37		11.41	<=SB
LLAALAALA	LLAAVAALL	HLA-A*02:01	57.04		11.41	<=SB
ISLVAVSDV	ILLVAVSFV	HLA-A*02:01	5934.01		7.86	<=SB
LLLTAALPT	LLSTAALPV	HLA-A*02:01	177.14		14.88	<=WB
LLSTAAPPS	LLSTAALPV	HLA-A*02:01	2915.64		14.88	<=WB
TERGVFFSV	TLRGLFFSV	HLA-A*02:01	14637.37		40.01	<=WB
RLARLDALD	GLARLDALV	HLA-A*02:01	10479.15		37.36	<=WB
RRDPLVVAA	RLDALVVAA	HLA-A*02:01	25225.51		97.56	<=WB
FIYQALLEY	FIYLALLEA	HLA-A*02:01	6297.10		34.51	<=WB
FIYQALLEH	FIYLALLEA	HLA-A*02:01	11484.87		34.51	<=WB
LGAVAVFAV	LLAVAVYAV	HLA-A*02:01	1449.41		6.13	<=SB
LLGAVAVFA	LLLAVAVYA	HLA-A*02:01	92.06		33.15	<=WB
LLLAVAGVA	LLLAVAVYA	HLA-A*02:01	686.78		33.15	<=WB
LLLAVAVRE	LLLAVAVYA	HLA-A*02:01	7911.54		33.15	<=WB
PLSPLLPPM	ALSPVLPPM	HLA-A*02:01	821.86		14.53	<=SB
AYTPVVVTL	ALTPVVVTL	HLA-A*02:01	12920.78		23.81	<=SB
DLTTLSNIV	LLTTLSNRV	HLA-A*02:01	11281.41		94.07	<=WB
TLRVLLVLL	TLDHLLVLL	HLA-A*02:01	1023.09		34.73	<=SB
LLLAERFPR	LLLAEPFPV	HLA-A*02:01	9797.33		2.51	<=SB
RGLEAFQFA	RLLEAFQFV	HLA-A*02:01	7305.23		2.88	<=SB
ALAAKPQSK	ALAADPQSL	HLA-A*02:01	27028.05		212.04	<=SB
ALAADPRSP	ALAADPQSL	HLA-A*02:01	20719.75		212.04	<=SB
GLYDGREHS	GLYDGMEHL	HLA-A*02:01	3185.87		6.96	<=SB
STPGPGTPV	STPPPGTRV	HLA-A*02:01	3388.87		6637.16	<=WB
ALGLRLLPN	ALGLGLLPV	HLA-A*02:01	17715.10		14.37	<=SB
ALGLGLYPP	ALGLGLLPV	HLA-A*02:01	1681.74		14.37	<=SB
GVCLLIPGL	FLCLLIPGL	HLA-A*02:01	1131.99		12.55	<=SB
GLSPTVGLT	GLSPTVWLS	HLA-A*02:01	3650.21		252.83	<=WB
LLGAVCMFL	LLGATCMFV	HLA-A*02:01	25.66		10.55	<=WB
ALPGPDEAA	ALWGPDPAA	HLA-A*02:01	4198.68		129.11	<=SB
VVLSWEPPT	VVLSWAPPV	HLA-A*02:01	3950.29		12.76	<=WB
VVLSWKPPG	VVLSWAPPV	HLA-A*02:01	20703.17		12.76	<=WB
LIIPCIGLS	LIIPCIHLI	HLA-A*02:01	6985.38		30.89	<=WB
SGGSTITGV	SVASTITGV	HLA-A*02:01	10009.49		57.37	<=SB
TLKTAVTST	TLYTAVSST	HLA-A*02:01	11364.96		725.35	<=WB
KLGYSPLHQ	KLGASPLHV	HLA-A*02:01	25054.69		52.41	<=SB
NLMDGELGE	NLMDGDLGL	HLA-A*02:01	10512.77		12.02	<=SB
SWAPLSPHA	SLAPLSPRA	HLA-A*02:01	17788.47		87.69	<=SB
SSLLSPVSV	SLLLLPVSV	HLA-A*02:01	2514.94		10.80	<=SB
SLLLLLVSN	SLLLLPVSV	HLA-A*02:01	8235.22		10.80	<=SB
FLSMYLVTF	FLFMYLVTV	HLA-A*02:01	919.23		5.75	<=SB
YYFIGNLAL	YIFLGNLAL	HLA-A*02:01	3026.27		22.81	<=SB
YFFLGNLSL	YIFLGNLAL	HLA-A*02:01	564.25		22.81	<=SB
LVLVLVFGV	LVLPLVMGV	HLA-A*02:01	75.19		12.11	<=SB
LVLCLVMLV	LVLPLVMGV	HLA-A*02:01	59.62		12.11	<=SB
AAAGSPVFL	AMAGSPVFL	HLA-A*02:01	6237.57		26.53	<=SB
ALMASASSS	FLMASISSS	HLA-A*02:01	2747.37		15.58	<=WB
GEFGNLIAG	GLFGNLIAL	HLA-A*02:01	31205.16		6.57	<=SB
RMLMVVLLC	RMLMIVLLV	HLA-A*02:01	1749.43		17.28	<=WB
KHEGLERDL	KLEDLERDL	HLA-A*02:01	40172.04		3612.37	<=WB
KDEDLERRL	KLEDLERDL	HLA-A*02:01	42194.64		3612.37	<=WB
KLEVKERDL	KLEDLERDL	HLA-A*02:01	18029.32		3612.37	<=WB
FNFLRNVSL	FVFLRNFSL	HLA-A*02:01	6487.99		23.09	<=SB
PLESGPVTA	YLEPGPVTA	HLA-A*02:01	20605.29		81.90	<=SB
GLCTLVLME	GLCTLVAML	HLA-A*02:01	12996.63		62.23	<=WB
DLRGRATGL	FLRGRAYGL	HLA-A*02:01	27887.75		184.04	<=WB
GILGFVFSD	GILGFVFTL	HLA-A*02:01	7882.91		7.27	<=SB
GILGFVFSD	GILGFVFTL	HLA-A*02:01	7882.91		7.27	<=SB
FLLSLGDHN	FLLSLGIHL	HLA-A*02:01	12502.42		7.02	<=SB
RLNEVPKNH	RLNEVAKNL	HLA-A*02:01	29035.96		246.13	<=SB
RVAGAAKLV	AVAGAAILV	HLA-A*02:01	4163.35		257.43	<=WB
AVAAAAILR	AVAGAAILV	HLA-A*02:01	23633.29		257.43	<=WB
RSPLVLVAV	RLPLVLPAV	HLA-A*02:01	1777.99		9.17	<=SB
RGPLVLPAG	RLPLVLPAV	HLA-A*02:01	30762.31		9.17	<=SB
LHGNIITSL	LLGCIITSL	HLA-A*02:01	23409.59		29.35	<=WB
PLVAVNTRL	KLVANNTRL	HLA-A*02:01	4197.63		278.18	<=SB
GPATVSVAV	GILTVSVAV	HLA-A*02:01	15018.71		44.37	<=WB
ILDDNLVKG	ILDDNLYKV	HLA-A*02:01	6202.03		2.99	<=SB
FSVIYINAM	FLVIAINAM	HLA-A*02:01	5965.04		152.16	<=WB
FSLKLLSCL	FLLALLSCL	HLA-A*02:01	1576.29		6.82	<=SB
TLPDPLDPT	ILPDPLKPT	HLA-A*02:01	1532.33		1503.81	<=WB
PLPDPLKPP	ILPDPLKPT	HLA-A*02:01	29756.97		1503.81	<=WB
GAAGGLALL	GIAGGLALL	HLA-A*02:01	2536.80		84.37	<=SB
DIAAGLALL	GIAGGLALL	HLA-A*02:01	4852.14		84.37	<=SB
GPAGGLADL	GIAGGLALL	HLA-A*02:01	24471.70		84.37	<=SB
GIAIGAALL	GIAGGLALL	HLA-A*02:01	1760.95		84.37	<=SB
ELLGNKSTV	GLLGNVSTV	HLA-A*02:01	6001.22		11.94	<=SB
VYAGLLGGV	VLAGLLGNV	HLA-A*02:01	11392.67		14.89	<=SB
VLAGTDGNV	VLAGLLGNV	HLA-A*02:01	794.31		14.89	<=SB
VLAGLLGSP	VLAGLLGNV	HLA-A*02:01	4693.41		14.89	<=SB
LDRDNVGLV	LMWDNVGLV	HLA-A*02:01	29684.94		6.20	<=SB
LCACLVPAA	VMACLVPAA	HLA-A*02:01	7751.98		24.04	<=WB
ILSLAACLV	ALSLAAVLV	HLA-A*02:01	38.57		94.37	<=WB
PLSLAAVLS	ALSLAAVLV	HLA-A*02:01	17825.65		94.37	<=WB
ALSLAAVVD	ALSLAAVLV	HLA-A*02:01	13963.96		94.37	<=WB
LGLLGLWGL	LLLLGLWGL	HLA-A*02:01	3433.89		10.69	<=SB
LWLLGIWGL	LLLLGLWGL	HLA-A*02:01	3647.76		10.69	<=SB
LLLLVLWGP	LLLLGLWGL	HLA-A*02:01	2362.76		10.69	<=SB
LLLLGLEGQ	LLLLGLWGL	HLA-A*02:01	13310.71		10.69	<=SB
LLLLGLVGP	LLLLGLWGL	HLA-A*02:01	2178.55		10.69	<=SB
LLVTLVVLF	LLWTLVVLL	HLA-A*02:01	5505.52		21.39	<=SB
ILVSKSLEF	ILPSKSLEV	HLA-A*02:01	3499.53		25.09	<=SB
ILRSKSLEN	ILPSKSLEV	HLA-A*02:01	31858.82		25.09	<=SB
ILSLSLSDL	ILLGSLSDL	HLA-A*02:01	511.87		47.26	<=SB
ILRSSLSDL	ILLGSLSDL	HLA-A*02:01	1993.50		47.26	<=SB
ILIGVLVGS	IMIGVLVGV	HLA-A*02:01	174.61		3.74	<=SB
SGVGSSAMI	SMAGSSAMI	HLA-A*02:01	17094.47		163.47	<=WB
GRKPSLIGL	GMGPSLIGL	HLA-A*02:01	31487.00		47.31	<=SB
FLTDAIVRK	FLVDAIVRV	HLA-A*02:01	4014.15		2.89	<=SB
DLRALALLL	FLYALALLL	HLA-A*02:01	8709.67		5.97	<=SB
QADQARLTV	QMWQARLTV	HLA-A*02:01	17144.11		30.40	<=SB
LLVLLLWLL	LLVDLLWLL	HLA-A*02:01	202.82		4.24	<=SB
LLLVLLLWL	TLLVDLLWL	HLA-A*02:01	194.73		27.70	<=WB
VSQWASLAA	VLQWASLAV	HLA-A*02:01	10812.00		36.61	<=WB
KLEEQKSDL	KLQEQQSDL	HLA-A*02:01	6464.16		717.83	<=SB
VLQELYVTN	VLQELNVTV	HLA-A*02:01	13648.33		8.56	<=SB
TLFIGVHVP	TLFIGSHVV	HLA-A*02:01	3904.82		26.66	<=SB
ISDELRDKV	ILDEERDKV	HLA-A*02:01	11560.80		202.94	<=SB
PLLANVTAA	TLLANVTAV	HLA-A*02:01	3205.26		9.98	<=SB
QLGAFLTKN	QLGAFLTNV	HLA-A*02:01	23592.92		12.37	<=SB
CLAYRPQSL	YLAYRNQSL	HLA-A*02:01	1422.43		33.34	<=SB
QCLTKILTI	FLLTKILTI	HLA-A*02:01	11409.08		4.57	<=SB
ALLEDTVGE	ALLEDPVGT	HLA-A*02:01	5593.60		161.62	<=SB
ALGLGARGV	ALGGGATGV	HLA-A*02:01	1125.95		140.47	<=SB
KNPEALAAV	TIPEALAAV	HLA-A*02:01	5499.45		40.62	<=SB
ASMDKTMIL	AIMDKTIIL	HLA-A*02:01	5300.24		149.11	<=SB
FKGERVTLK	FLGERVTLT	HLA-A*02:01	35098.24		43.99	<=SB
QLDPARDDL	QLDPARDVL	HLA-A*02:01	8138.40		3369.05	<=WB
ALVMILLPL	ALWMRLLPL	HLA-A*02:01	91.25		12.79	<=WB
HEVEAPYLV	HLVEALYLV	HLA-A*02:01	11210.35		3.68	<=SB
RGQPLLALL	RLLPLLALL	HLA-A*02:01	12298.49		7.52	<=SB
RLLCLLGLL	RLLPLLALL	HLA-A*02:01	39.58		7.52	<=SB
TCHDFWQMV	TIADFWQMV	HLA-A*02:01	14589.30		83.64	<=SB
TCQDFWQMV	TIADFWQMV	HLA-A*02:01	15665.34		83.64	<=SB
VIVMLTPLA	VIVMLTPLV	HLA-A*02:01	1759.16		133.02	<=WB
LGVDAQLQL	LIVDAVLQL	HLA-A*02:01	18661.86		172.90	<=SB
LMGKRSENV	LMGDKSENV	HLA-A*02:01	876.20		83.68	<=SB
LLKLNVAPL	LLLLDVAPL	HLA-A*02:01	283.53		12.94	<=WB
LLLLICAPL	LLLLDVAPL	HLA-A*02:01	59.28		12.94	<=WB
VMATLLFPG	VMATLLPPV	HLA-A*02:01	482.68		3.42	<=SB
KHQERLAQL	KLQERLAKL	HLA-A*02:01	23785.41		41.07	<=SB
KEQERLAQL	KLQERLAKL	HLA-A*02:01	15558.58		41.07	<=SB
LDLGTLNKV	LLLGTLNIV	HLA-A*02:01	14744.19		13.11	<=SB
VLLFCITAA	VLLLWITAA	HLA-A*02:01	34.37		46.69	<=WB
KTVLELEET	KTVLELTEV	HLA-A*02:01	17718.16		345.36	<=WB
TEQDIVLHG	TLQDIVLHL	HLA-A*02:01	41647.62		18.46	<=SB
SPKRVLVSV	SLKDVLVSV	HLA-A*02:01	21561.39		9.27	<=SB
KLLSDISAR	KLFSDISAI	HLA-A*02:01	9927.19		7.84	<=SB
TLPTKPLSN	TLDTKPLSV	HLA-A*02:01	34494.74		65.59	<=SB
SLEEEIRRK	SLEEEIRFL	HLA-A*02:01	29266.52		212.40	<=SB
PLLCALTGL	RLLCALTSL	HLA-A*02:01	384.82		8.83	<=SB
RSLCANTSL	RLLCALTSL	HLA-A*02:01	5262.24		8.83	<=SB
VGNLILSRL	VLNDILSRL	HLA-A*02:01	21921.29		22.77	<=SB
LEWDGPMAV	LLWNGPMAV	HLA-A*02:01	1739.06		2.90	<=SB
NLSGGDLLA	KLSEGDLLA	HLA-A*02:01	2213.50		120.57	<=SB
DLVEELKKL	SLVEELKKV	HLA-A*02:01	10064.76		22.14	<=SB
ALLNIKEKT	ALLNIKVKL	HLA-A*02:01	6421.57		64.96	<=SB
LIASSPTLI	LMASSPTSI	HLA-A*02:01	1478.53		99.70	<=WB
LSSSGAVSA	LLSSGAFSA	HLA-A*02:01	18089.12		65.92	<=WB
GNIADNPQL	LLIADNPQL	HLA-A*02:01	24471.43		14.86	<=SB
YMESMRLYA	YMNSIRLYA	HLA-A*02:01	151.29		13.22	<=WB
LRSKKLPRV	LLIKKLPRV	HLA-A*02:01	28324.14		7.85	<=SB
ESLEYQQFV	YSLEYFQFV	HLA-A*02:01	4363.56		10.61	<=SB
YSMEYFQFM	YSLEYFQFV	HLA-A*02:01	84.52		10.61	<=SB
EAQEEIAFL	SLQEEIAFL	HLA-A*02:01	19231.51		11.17	<=SB
VLSLSLLII	FLSLSLLVI	HLA-A*02:01	470.82		45.98	<=WB
FYSSSLLVI	FLSLSLLVI	HLA-A*02:01	9591.23		45.98	<=WB
FLVLSLMVI	FLSLSLLVI	HLA-A*02:01	105.70		45.98	<=WB
GGAMAVVAV	GLAAAVVAV	HLA-A*02:01	4869.65		7.87	<=SB
GLAAAAVAD	GLAAAVVAV	HLA-A*02:01	10795.98		7.87	<=SB
FYGVLTNSL	FMGVLVNSL	HLA-A*02:01	14735.25		21.92	<=WB
ADGVLLAEI	AMLVLLAEI	HLA-A*02:01	24994.59		21.56	<=WB
GTAGGAALA	GLAGGAATA	HLA-A*02:01	6987.94		200.42	<=WB
GEAGGAATQ	GLAGGAATA	HLA-A*02:01	41676.93		200.42	<=WB
GLRGGAAEA	GLAGGAATA	HLA-A*02:01	3556.02		200.42	<=WB
GLSGGAAGA	GLAGGAATA	HLA-A*02:01	1190.19		200.42	<=WB
GLAVGAAFA	GLAGGAATA	HLA-A*02:01	261.76		200.42	<=WB
GLARGAAGA	GLAGGAATA	HLA-A*02:01	1134.99		200.42	<=WB
GLAGGAASH	GLAGGAATA	HLA-A*02:01	19584.49		200.42	<=WB
SDLDLLHKI	SLIDLLHKI	HLA-A*02:01	13320.80		5.26	<=SB
SWWKDGKPL	SLWKDGAPL	HLA-A*02:01	15687.55		22.36	<=SB
SWWKDGRPL	SLWKDGAPL	HLA-A*02:01	13843.31		22.36	<=SB
PTEDKVLAV	PTLDKVLEV	HLA-A*02:01	24533.74		3081.18	<=WB
PTLDRVLIV	PTLDKVLEV	HLA-A*02:01	12008.16		3081.18	<=WB
SRIDLLSSL	SLMDLLSSL	HLA-A*02:01	12004.14		4.06	<=SB
GLQLSVAAP	GLWLSVAAV	HLA-A*02:01	6259.00		11.51	<=SB
ESAAELTEV	ELAAEPTEV	HLA-A*02:01	8297.83		1070.34	<=WB
NIQTAINKD	NIQTAINQV	HLA-A*02:01	40384.73		1927.10	<=WB
AGDSLTLEL	AMDSNTLEL	HLA-A*02:01	18208.11		40.50	<=SB
ALAVLSHTP	ALAVLSVTL	HLA-A*02:01	5929.00		45.23	<=SB
QLSEDLLSQ	ALSEDLLSI	HLA-A*02:01	18064.66		11.63	<=SB
GFLDVVAAL	GLLDQVAAL	HLA-A*02:01	1098.27		8.36	<=SB
TLLCLIFTC	TLLCLIPTV	HLA-A*02:01	493.46		3.73	<=SB
IILIFYLMV	IILEFFLMV	HLA-A*02:01	483.29		12.12	<=SB
KSEKIEDAL	KLEKIEDEL	HLA-A*02:01	25924.73		1259.09	<=WB
RPSVLISAL	SISVLISAL	HLA-A*02:01	19282.56		905.69	<=WB
SILVLSSAL	SISVLISAL	HLA-A*02:01	890.55		905.69	<=WB
SISVLIIAW	SISVLISAL	HLA-A*02:01	22794.96		905.69	<=WB
VVTGYLVYS	VVTGVLVYL	HLA-A*02:01	4873.13		118.35	<=SB
LIFRILVLA	FIFSILVLA	HLA-A*02:01	495.77		33.65	<=WB
ALEKFTVYT	ALLKDTVYT	HLA-A*02:01	1687.04		156.32	<=WB
LRASNVAGS	LIASNVAGV	HLA-A*02:01	37665.73		20.73	<=WB
ARLSLEEEL	GLLSLEEEL	HLA-A*02:01	25105.70		48.52	<=SB
YLLSLEEER	GLLSLEEEL	HLA-A*02:01	6593.43		48.52	<=SB
GALSLEEKL	GLLSLEEEL	HLA-A*02:01	16194.95		48.52	<=SB
LSCGLLLIL	LLCGNLLIL	HLA-A*02:01	4667.13		113.53	<=WB
GALFILAGL	VMLFILAGL	HLA-A*02:01	1033.83		21.43	<=WB
VTEFILAGL	VMLFILAGL	HLA-A*02:01	3284.47		21.43	<=WB
VTQFILAGL	VMLFILAGL	HLA-A*02:01	1563.75		21.43	<=WB
LLIDLTSNS	LLIDLTSFL	HLA-A*02:01	1226.42		4.81	<=SB
YYPGQLARL	YLDGQLARL	HLA-A*02:01	15089.40		7.72	<=SB
SLFYTVVTP	SLFNTVVTL	HLA-A*02:01	2338.54		20.04	<=SB
SLFYTVVTR	SLFNTVVTL	HLA-A*02:01	6395.08		20.04	<=SB
ALADLPRTY	ALADLPVTV	HLA-A*02:01	14169.73		5.79	<=SB
SIITPTLNS	SIIIPTLNV	HLA-A*02:01	15694.35		319.29	<=WB
SIITPTLNP	SIIIPTLNV	HLA-A*02:01	19660.08		319.29	<=WB
SNINGVVKA	SMINGVVKL	HLA-A*02:01	22036.87		14.93	<=SB
ALLGLTRGR	ALLGLTLGV	HLA-A*02:01	19813.19		4.60	<=SB
CIPEDRAPV	GIFEDRAPV	HLA-A*02:01	735.74		31.83	<=SB
ASAPAPAPV	ALAPAPAEV	HLA-A*02:01	990.55		9.51	<=SB
APAPAPAEA	ALAPAPAEV	HLA-A*02:01	24812.43		9.51	<=SB
APAPAPAES	ALAPAPAEV	HLA-A*02:01	37146.07		9.51	<=SB
ALAPAPACP	ALAPAPAEV	HLA-A*02:01	8458.09		9.51	<=SB
ALAPAPAPE	ALAPAPAEV	HLA-A*02:01	6307.12		9.51	<=SB
TASPSDPKV	FASPADPKV	HLA-A*02:01	15054.66		746.36	<=WB
MDTTLPLTL	MLTTLILTL	HLA-A*02:01	20322.54		9.32	<=SB
RASASLDTV	MASASLVTV	HLA-A*02:01	3084.98		94.29	<=WB
SLAALSAGP	SLTALSAGV	HLA-A*02:01	2897.96		18.29	<=WB
ALEALVGAV	ALSAGVGAV	HLA-A*02:01	367.13		76.26	<=WB
AALLAVPGA	AQLQAVPGA	HLA-A*02:01	4454.34		420.39	<=WB
AQLQAQPLA	AQLQAVPGA	HLA-A*02:01	2419.36		420.39	<=WB
ILRSLIPLG	ILRSFIPLL	HLA-A*02:01	7932.28		56.17	<=SB
GLLFVCGVL	GLLTVCYVL	HLA-A*02:01	499.36		31.93	<=WB
IIFLFFLIV	IILEFFLIV	HLA-A*02:01	633.30		29.91	<=WB
QLLDAVEQR	QLLDQVEQI	HLA-A*02:01	16030.90		41.00	<=SB
IIMDEAHER	IIMDEAHFL	HLA-A*02:01	12224.60		12.43	<=SB
ALAIPIAVK	ALAIIIAVL	HLA-A*02:01	16183.39		121.30	<=WB
AAPPSLNTA	AMPPELNTA	HLA-A*02:01	10298.18		210.14	<=SB
DLFSANEHL	FLSSANEHL	HLA-A*02:01	3127.74		8.46	<=SB
SLQEKVSKK	SLQEKVAKA	HLA-A*02:01	22772.04		116.30	<=SB
NLRALLIYA	ALLALLIYA	HLA-A*02:01	324.19		29.48	<=SB
ALPALLIYK	ALLALLIYA	HLA-A*02:01	12075.66		29.48	<=SB
ALLASLIYN	ALLALLIYA	HLA-A*02:01	4562.82		29.48	<=SB
LGPAPLGSV	LLPAPLVSV	HLA-A*02:01	9204.48		11.20	<=SB
DLLWTAVVV	MLLWTAVAV	HLA-A*02:01	2274.09		6.97	<=WB
RGAGFLALL	RLAGFLAGL	HLA-A*02:01	3240.03		6.17	<=SB
ALLAFILGR	ALLAFTLGV	HLA-A*02:01	5730.89		3.79	<=SB
WIHPVMSVL	WIPPVVSVL	HLA-A*02:01	1341.74		1079.34	<=WB
ILLALLCIL	ILGALLSIL	HLA-A*02:01	35.87		108.49	<=WB
ILRALLSVL	ILGALLSIL	HLA-A*02:01	705.11		108.49	<=WB
ILGALYSIK	ILGALLSIL	HLA-A*02:01	18613.66		108.49	<=WB
LAEDGVLSP	LAVDGVLSV	HLA-A*02:01	36332.00		319.61	<=WB
FLGCTDRLV	FLTCTDRSV	HLA-A*02:01	57.93		51.12	<=WB
ALRALLRKL	ALSALLTKL	HLA-A*02:01	4437.65		55.97	<=SB
MGLPGQATL	MGLPGVATV	HLA-A*02:01	9490.68		803.92	<=WB
LVLYILIII	LVLPILITI	HLA-A*02:01	3014.34		44.36	<=SB
ELQNEEEEL	LLQEEEEEL	HLA-A*02:01	12542.67		121.82	<=SB
ELQEEEEEE	LLQEEEEEL	HLA-A*02:01	39222.01		121.82	<=SB
LAQEEEEES	LLQEEEEEL	HLA-A*02:01	40721.68		121.82	<=SB
LGQEEEEEA	LLQEEEEEL	HLA-A*02:01	36299.00		121.82	<=SB
LLEEEEEDL	LLQEEEEEL	HLA-A*02:01	4402.73		121.82	<=SB
LLMEEEEED	LLQEEEEEL	HLA-A*02:01	18200.42		121.82	<=SB
LLAEEEEEE	LLQEEEEEL	HLA-A*02:01	17634.96		121.82	<=SB
LLVEEEEEK	LLQEEEEEL	HLA-A*02:01	20161.35		121.82	<=SB
LLQREEEEE	LLQEEEEEL	HLA-A*02:01	29909.31		121.82	<=SB
LLQMEEEED	LLQEEEEEL	HLA-A*02:01	31661.92		121.82	<=SB
LLQEAEEEK	LLQEEEEEL	HLA-A*02:01	19134.58		121.82	<=SB
LLQEEYEEQ	LLQEEEEEL	HLA-A*02:01	18531.88		121.82	<=SB
LLQEEEERR	LLQEEEEEL	HLA-A*02:01	22623.21		121.82	<=SB
LSSAVLPSP	LLSAVLPSV	HLA-A*02:01	21963.32		3.95	<=SB
CLLPALAGR	LLLPALAGA	HLA-A*02:01	8135.41		10.80	<=SB
LELPALAGH	LLLPALAGA	HLA-A*02:01	37867.59		10.80	<=SB
LLGIALAGA	LLLPALAGA	HLA-A*02:01	119.24		10.80	<=SB
LGAAVEALL	LLAAVAALL	HLA-A*02:01	5690.29		11.41	<=SB
LPAAVAGLL	LLAAVAALL	HLA-A*02:01	14424.66		11.41	<=SB
LMAAVAALQ	LLAAVAALL	HLA-A*02:01	3886.91		11.41	<=SB
LLVLVAALL	LLAAVAALL	HLA-A*02:01	259.79		11.41	<=SB
LLGLVAALL	LLAAVAALL	HLA-A*02:01	132.18		11.41	<=SB
LLAALAALG	LLAAVAALL	HLA-A*02:01	1387.04		11.41	<=SB
ILLVAEGFV	ILLVAVSFV	HLA-A*02:01	65.42		7.86	<=SB
ALMGANTSR	ALMGAVTSL	HLA-A*02:01	9539.17		7.11	<=SB
CLGGHVACA	FLGGHVAVA	HLA-A*02:01	454.49		18.33	<=SB
GFARLKALV	GLARLDALV	HLA-A*02:01	14050.04		37.36	<=WB
ALLEAALRS	ALLEACLRV	HLA-A*02:01	1320.55		8.77	<=SB
QVLIFACLV	YVLHFACLV	HLA-A*02:01	496.89		9.77	<=WB
RLVVSLLLC	ILVVSLLLV	HLA-A*02:01	3413.74		34.06	<=WB
ILVVFLLLL	ILVVSLLLV	HLA-A*02:01	315.73		34.06	<=WB
LFLVVAVYA	LLLAVAVYA	HLA-A*02:01	11792.88		33.15	<=WB
LELAVAVLA	LLLAVAVYA	HLA-A*02:01	18376.53		33.15	<=WB
LLVAVAVLA	LLLAVAVYA	HLA-A*02:01	290.02		33.15	<=WB
LLLALAVLA	LLLAVAVYA	HLA-A*02:01	80.37		33.15	<=WB
AATTPVPSL	FLTTPVPSL	HLA-A*02:01	13035.22		11.13	<=SB
FSTTPVLSL	FLTTPVPSL	HLA-A*02:01	4086.81		11.13	<=SB
ALLLSLLVM	SLLDSLLVM	HLA-A*02:01	628.85		29.61	<=SB
LPAPGPPFV	LLAPGPLFV	HLA-A*02:01	6078.79		5.42	<=SB
VLAVGVGVV	VLAAGVLVV	HLA-A*02:01	366.03		23.06	<=SB
VVTFIVSVV	VVTAIVYVV	HLA-A*02:01	993.02		127.74	<=WB
LLLVLVSIL	FLLVLESIL	HLA-A*02:01	211.94		29.48	<=WB
FLRVLESID	FLLVLESIL	HLA-A*02:01	20795.44		29.48	<=WB
ILCSCSSYF	YLCSGSSYF	HLA-A*02:01	1428.28		397.43	<=WB
YLCSSSSYR	YLCSGSSYF	HLA-A*02:01	6860.81		397.43	<=WB
SSCSVLLTV	SVGSVLLTV	HLA-A*02:01	726.24		51.96	<=SB
SSGSVLLFV	SVGSVLLTV	HLA-A*02:01	412.78		51.96	<=SB
KYSEKISYV	KASEKIFYV	HLA-A*02:01	5279.75		15.30	<=SB
IAGPLTGTL	IAGPGTITL	HLA-A*02:01	14867.37		6720.55	<=WB
CLSPGVWLS	GLSPTVWLS	HLA-A*02:01	532.93		252.83	<=WB
GLSKTVWYS	GLSPTVWLS	HLA-A*02:01	179.64		252.83	<=WB
FLLSLGDHN	FLLSLGIHI	HLA-A*02:01	12502.42		8.06	<=SB
ALWTPDGAA	ALWGPDPAA	HLA-A*02:01	1426.04		129.11	<=SB
SIVGRLLEY	SIIGRLLEV	HLA-A*02:01	12312.48		7.46	<=SB
LLLGTLAGG	LLAGTLAGV	HLA-A*02:01	773.59		3.87	<=SB
FENFLLSVM	FLNDLLSVM	HLA-A*02:01	12045.90		9.95	<=SB
TEMALFVTV	TAMDLFVTV	HLA-A*02:01	1848.73		34.61	<=SB
FSFILDFLR	FSFPLDFLV	HLA-A*02:01	8959.13		12.39	<=WB
SLLRLPVSR	SLLLLPVSV	HLA-A*02:01	14078.95		10.80	<=SB
FITGIIILT	FITGISILL	HLA-A*02:01	259.27		15.14	<=SB
FFFYLVTLM	FMLYLVTLM	HLA-A*02:01	2247.94		10.74	<=WB
YFFLGNLAL	YIFLGNLAL	HLA-A*02:01	573.48		22.81	<=SB
YFFLGNLAF	YIFLGNLAL	HLA-A*02:01	6933.94		22.81	<=SB
VLGIAFSSA	VLFAAFSSA	HLA-A*02:01	497.49		38.16	<=WB
AIVGAIPST	ALVGAIPSI	HLA-A*02:01	1753.63		8.61	<=SB
ALVGATPSY	ALVGAIPSI	HLA-A*02:01	9941.92		8.61	<=SB
DLLAGDVIV	KLLAGDEIV	HLA-A*02:01	3427.40		55.87	<=SB
FQQASISSS	FLMASISSS	HLA-A*02:01	5156.73		15.58	<=WB
LLLIMLIFL	LLLNMLIAL	HLA-A*02:01	147.37		7.85	<=SB
KNPLDINPS	KLPLDINPV	HLA-A*02:01	38435.15		15.98	<=SB
LLLVVLCGL	LLLVSLWGL	HLA-A*02:01	50.32		7.02	<=SB
VLASPGVPD	VLASPSVPL	HLA-A*02:01	10636.10		38.37	<=SB
NLRALSLGD	NLIALSLGL	HLA-A*02:01	23262.88		23.47	<=WB
ELEDLERSL	KLEDLERDL	HLA-A*02:01	15170.26		3612.37	<=WB
KREHLERDL	KLEDLERDL	HLA-A*02:01	40998.00		3612.37	<=WB
KQEELERDL	KLEDLERDL	HLA-A*02:01	19151.36		3612.37	<=WB
LITCRLTSL	LITGRLQSL	HLA-A*02:01	1733.49		3501.50	<=WB
AVAGAAVLG	AVAGAAILV	HLA-A*02:01	21755.19		257.43	<=WB
PLPLALPAV	RLPLVLPAV	HLA-A*02:01	621.73		9.17	<=SB
RAPLVLPAR	RLPLVLPAV	HLA-A*02:01	29715.14		9.17	<=SB
LLHPAGHAE	LLCPAGHAV	HLA-A*02:01	16764.23		129.53	<=WB
SLPNTVATN	SLYNTVATL	HLA-A*02:01	16542.60		46.50	<=SB
CLLSLLSCL	FLLALLSCL	HLA-A*02:01	59.96		6.82	<=SB
LLLALLSCC	FLLALLSCL	HLA-A*02:01	2404.22		6.82	<=SB
AGAEGVRAL	ALAHGVRAL	HLA-A*02:01	19485.78		175.58	<=SB
ALAAGVRAD	ALAHGVRAL	HLA-A*02:01	15016.10		175.58	<=SB
GAAGLLALL	GIAGGLALL	HLA-A*02:01	1295.95		84.37	<=SB
GAAGGAALL	GIAGGLALL	HLA-A*02:01	7660.68		84.37	<=SB
VLAGLLTNN	VLAGLLGNV	HLA-A*02:01	13816.82		14.89	<=SB
LVMAQLLED	LVMAQLLRI	HLA-A*02:01	16136.18		91.94	<=WB
LNRDNVGLV	LMWDNVGLV	HLA-A*02:01	29229.17		6.20	<=SB
FVLYDFCIV	FVNYDFTIV	HLA-A*02:01	38.67		93.46	<=WB
ELIRPTTLA	ELLRPTTLV	HLA-A*02:01	6852.94		1641.52	<=WB
ELLRVTDLV	ELLRPTTLV	HLA-A*02:01	976.15		1641.52	<=WB
MLSLAAKLV	ALSLAAVLV	HLA-A*02:01	283.74		94.37	<=WB
ALSLAACLC	ALSLAAVLV	HLA-A*02:01	4662.28		94.37	<=WB
LRLLGLTGL	LLLLGLWGL	HLA-A*02:01	17168.80		10.69	<=SB
LLSLGLWGQ	LLLLGLWGL	HLA-A*02:01	9236.81		10.69	<=SB
LLLLGLGGR	LLLLGLWGL	HLA-A*02:01	15905.30		10.69	<=SB
LLLLGLIGG	LLLLGLWGL	HLA-A*02:01	2971.66		10.69	<=SB
VLAKAGTEE	VLAKDGTEV	HLA-A*02:01	19617.15		115.19	<=SB
TSLGSLSDL	ILLGSLSDL	HLA-A*02:01	15461.92		47.26	<=SB
DLLGSLADL	ILLGSLSDL	HLA-A*02:01	3032.27		47.26	<=SB
IRLGSLSKL	ILLGSLSDL	HLA-A*02:01	25189.52		47.26	<=SB
FLVALALLS	FLYALALLL	HLA-A*02:01	487.29		5.97	<=SB
LLVSLLGLL	LLVDLLWLL	HLA-A*02:01	95.22		4.24	<=SB
KQQQQQSDL	KLQEQQSDL	HLA-A*02:01	19913.13		717.83	<=SB
VPQELLVTV	VLQELNVTV	HLA-A*02:01	11205.87		8.56	<=SB
RKKAELEGV	RIFAELEGV	HLA-A*02:01	34636.88		13.14	<=SB
SGDLAEQFL	SLDLAEQEL	HLA-A*02:01	21680.47		419.62	<=SB
ILINPKASD	ILNNPKASL	HLA-A*02:01	20478.83		605.09	<=SB
RLGAVYGFV	RLGAVILFV	HLA-A*02:01	46.17		8.16	<=SB
ALEEDPVGQ	ALLEDPVGT	HLA-A*02:01	28127.45		161.62	<=SB
STTSINVPA	SLTSINVQA	HLA-A*02:01	2849.03		261.95	<=SB
ASGGGLTGV	ALGGGATGV	HLA-A*02:01	3107.33		140.47	<=SB
AAGGGAGGV	ALGGGATGV	HLA-A*02:01	18982.19		140.47	<=SB
SLQSSEGLL	SLQNSEFLL	HLA-A*02:01	1929.83		29.00	<=SB
FQGERVTLT	FLGERVTLT	HLA-A*02:01	1534.15		43.99	<=SB
FKGERVTLT	FLGERVTLT	HLA-A*02:01	33044.79		43.99	<=SB
ASALASTSA	AMAGASTSA	HLA-A*02:01	17772.89		289.28	<=WB
APAEASTSA	AMAGASTSA	HLA-A*02:01	27054.98		289.28	<=WB
RALLLLALL	RLLPLLALL	HLA-A*02:01	1052.39		7.52	<=SB
RLLLLLALW	RLLPLLALL	HLA-A*02:01	10464.19		7.52	<=SB
SLAQLENLC	SLYQLENYC	HLA-A*02:01	4313.33		783.06	<=WB
ELAEYLYAK	ELAEYLYNI	HLA-A*02:01	7647.51		18.00	<=SB
TAADFWLMV	TIADFWQMV	HLA-A*02:01	463.38		83.64	<=SB
LIVDAFLQQ	LIVDAVLQL	HLA-A*02:01	22154.49		172.90	<=SB
LIVDAQLQG	LIVDAVLQL	HLA-A*02:01	25172.63		172.90	<=SB
LLLLDVACP	LLLLDVAPL	HLA-A*02:01	4048.65		12.94	<=WB
EMATLLRPV	VMATLLPPV	HLA-A*02:01	202.34		3.42	<=SB
VMATALPPR	VMATLLPPV	HLA-A*02:01	8613.52		3.42	<=SB
LLHYILKIV	LLNYILKSV	HLA-A*02:01	447.99		30.20	<=SB
ANKAIELQL	ALQAIELQL	HLA-A*02:01	32358.03		87.57	<=SB
WLSRSSWGA	SLSRFSWGA	HLA-A*02:01	72.40		26.88	<=WB
FGSGALLLA	FLYGALLLA	HLA-A*02:01	3543.81		4.63	<=SB
AFNTTVKQL	ALNTLVKQL	HLA-A*02:01	25135.88		563.85	<=SB
GSTTTSTTL	GMVTTSTTL	HLA-A*02:01	20911.64		383.38	<=WB
ERVEELKKV	SLVEELKKV	HLA-A*02:01	38201.32		22.14	<=SB
LLVEELKKR	SLVEELKKV	HLA-A*02:01	21167.05		22.14	<=SB
SSVEELKKR	SLVEELKKV	HLA-A*02:01	38383.62		22.14	<=SB
AAMNIKVKL	ALLNIKVKL	HLA-A*02:01	8230.59		64.96	<=SB
FCLANAAYL	FLLENAAYL	HLA-A*02:01	753.25		2.28	<=SB
PIGEVLVSS	YIGEVLVSV	HLA-A*02:01	22702.18		5.54	<=SB
GLAAAAVAG	GLAAAVVAV	HLA-A*02:01	5841.19		7.87	<=SB
DLDVPTEAV	LLDVPTAAV	HLA-A*02:01	5704.23		16.35	<=SB
LLDVDTAAG	LLDVPTAAV	HLA-A*02:01	9559.73		16.35	<=SB
GAAGGAAGA	GLAGGAATA	HLA-A*02:01	15885.00		200.42	<=WB
GGAGGAAGA	GLAGGAATA	HLA-A*02:01	24411.14		200.42	<=WB
RNLGLLVHL	RILGVLVHL	HLA-A*02:01	6853.91		31.15	<=SB
AEAGQIDLL	AMAGSIDLL	HLA-A*02:01	21263.68		39.30	<=SB
DFLGGLRPV	ALLGGLRPV	HLA-A*02:01	10752.27		4.18	<=SB
ALAGGLRPQ	ALLGGLRPV	HLA-A*02:01	10907.88		4.18	<=SB
STRNSIATL	SLRNWIATL	HLA-A*02:01	10595.10		102.43	<=SB
RTLDVVLEE	RTLDKVLEV	HLA-A*02:01	16658.63		43.39	<=SB
RMTENILES	RMTENIVEV	HLA-A*02:01	895.09		5.60	<=SB
GPWLSAAAV	GLWLSVAAV	HLA-A*02:01	13186.86		11.51	<=SB
PLAAEPGEV	ELAAEPTEV	HLA-A*02:01	9524.74		1070.34	<=WB
ENAAESTEV	ELAAEPTEV	HLA-A*02:01	30941.92		1070.34	<=WB
ELTAEPTIV	ELAAEPTEV	HLA-A*02:01	11342.61		1070.34	<=WB
FEEKLTPLL	FLLKLTPLL	HLA-A*02:01	15850.50		4.14	<=SB
SLLGGDVVS	SLWGGDVVL	HLA-A*02:01	3213.15		12.02	<=SB
DLSDCEGRL	KLSDYEGRL	HLA-A*02:01	16726.35		235.42	<=WB
ANDSDTLEL	AMDSNTLEL	HLA-A*02:01	28601.29		40.50	<=SB
PVVQILLKA	FVVPILLKA	HLA-A*02:01	18656.21		128.64	<=SB
GHLDQLAAL	GLLDQVAAL	HLA-A*02:01	17177.35		8.36	<=SB
GKREPLLSL	GLREDLLSL	HLA-A*02:01	29459.37		67.13	<=SB
GKRESLLSL	GLREDLLSL	HLA-A*02:01	29190.61		67.13	<=SB
CATGVLVYL	VVTGVLVYL	HLA-A*02:01	1524.14		118.35	<=SB
FVFSILVLG	FIFSILVLA	HLA-A*02:01	3083.42		33.65	<=WB
FIFRILVLG	FIFSILVLA	HLA-A*02:01	3995.69		33.65	<=WB
GGLSLEEEE	GLLSLEEEL	HLA-A*02:01	43941.39		48.52	<=SB
GLLSLEAEE	GLLSLEEEL	HLA-A*02:01	9928.26		48.52	<=SB
SLPNTVATN	SLFNTVATL	HLA-A*02:01	16542.60		34.12	<=SB
AMNHRSLIL	AMLHWSLIL	HLA-A*02:01	1454.29		20.34	<=WB
NIDEILEKT	DIDEILEKV	HLA-A*02:01	11903.00		5229.26	<=WB
SYYNTTSVL	SLYNTISVL	HLA-A*02:01	15516.22		54.01	<=SB
SNYNTVSTS	SLYNTVSTL	HLA-A*02:01	32436.19		67.96	<=SB
SLPNTVATN	SLFNTVATV	HLA-A*02:01	16542.60		13.42	<=SB
ALLALTLGC	ALLGLTLGV	HLA-A*02:01	830.80		4.60	<=SB
AEARAPAEV	ALAPAPAEV	HLA-A*02:01	22724.28		9.51	<=SB
APAPAPAER	ALAPAPAEV	HLA-A*02:01	39913.82		9.51	<=SB
AEVDKNIEL	AIVDKNITL	HLA-A*02:01	18475.41		613.40	<=SB
LLILCVGMV	LLILCVTQV	HLA-A*02:01	211.76		20.14	<=WB
ARAALLQAV	AMAAQLQAV	HLA-A*02:01	14529.60		8.58	<=SB
AQLQAVREA	AQLQAVPGA	HLA-A*02:01	3144.80		420.39	<=WB
AQLQAVPAE	AQLQAVPGA	HLA-A*02:01	16412.63		420.39	<=WB
SRLPETTVV	STLPETTVV	HLA-A*02:01	26941.63		1941.54	<=WB
MLRSFRPLL	ILRSFIPLL	HLA-A*02:01	539.72		56.17	<=SB
WLEKEIEEA	YLNKEIEEA	HLA-A*02:01	1650.32		23.44	<=SB
NTLQEFLKL	LTLGEFLKL	HLA-A*02:01	6524.17		1344.98	<=WB
LSTGEFLKL	LTLGEFLKL	HLA-A*02:01	13164.34		1344.98	<=WB
QLRNLRDFL	ALRNLRVFL	HLA-A*02:01	5155.89		808.59	<=WB
RLAGELAGQ	RLAGFLAGL	HLA-A*02:01	8208.09		6.17	<=SB
ALLALTLGC	ALLAFTLGV	HLA-A*02:01	830.80		3.79	<=SB
ATQFSAFLL	SLQFSAFLL	HLA-A*02:01	2201.22		36.24	<=WB
SLYFSAGLL	SLQFSAFLL	HLA-A*02:01	421.23		36.24	<=WB
WISPVDSVL	WIPPVVSVL	HLA-A*02:01	713.03		1079.34	<=WB
DLTGSLLSL	DLTSFLLSL	HLA-A*02:01	3692.11		915.10	<=WB
LAVYGVLRV	LAVDGVLSV	HLA-A*02:01	3007.21		319.61	<=WB
FLSFAELFS	FLSFASLFL	HLA-A*02:01	193.99		3.81	<=SB
GPLMLVFTL	GILGLVFTL	HLA-A*02:01	11493.08		10.33	<=SB
DLQQEGTLL	SLQQEITLL	HLA-A*02:01	19647.53		127.80	<=SB
ELVLSQANV	KLVMSQANV	HLA-A*02:01	3178.77		72.24	<=WB
PLSADLTKL	ALSALLTKL	HLA-A*02:01	5575.17		55.97	<=SB
CVLGFWATV	KVLGLWATV	HLA-A*02:01	67.78		30.67	<=WB
KLQEEEEES	LLQEEEEEL	HLA-A*02:01	10615.86		121.82	<=SB
ILQEEEEEE	LLQEEEEEL	HLA-A*02:01	21440.66		121.82	<=SB
LEQEEEEEQ	LLQEEEEEL	HLA-A*02:01	46991.22		121.82	<=SB
LVQEEEEEA	LLQEEEEEL	HLA-A*02:01	16818.36		121.82	<=SB
LCQEEEEEI	LLQEEEEEL	HLA-A*02:01	27723.49		121.82	<=SB
KRQQKLEQL	KLQQKEEQL	HLA-A*02:01	31058.98		866.31	<=SB
KLQQLEEQT	KLQQKEEQL	HLA-A*02:01	8493.76		866.31	<=SB
EERKEEEKL	VLRKEEEKL	HLA-A*02:01	45082.75		6249.59	<=WB
AEVGTVLTA	AMVGAVLTA	HLA-A*02:01	20878.18		46.48	<=SB
AGVGAVLAA	AMVGAVLTA	HLA-A*02:01	10917.57		46.48	<=SB
LLLGSPAGS	LLLRSPAGV	HLA-A*02:01	1935.38		16.12	<=SB
LQQPALAGA	LLLPALAGA	HLA-A*02:01	1376.26		10.80	<=SB
LRLSALAGA	LLLPALAGA	HLA-A*02:01	21685.63		10.80	<=SB
LSLGALAGA	LLLPALAGA	HLA-A*02:01	1640.95		10.80	<=SB
LLLVLLAGA	LLLPALAGA	HLA-A*02:01	73.97		10.80	<=SB
LLLEALAGH	LLLPALAGA	HLA-A*02:01	7563.90		10.80	<=SB
WLCAVAALL	LLAAVAALL	HLA-A*02:01	23.14		11.41	<=SB
LGAGVAALL	LLAAVAALL	HLA-A*02:01	4954.79		11.41	<=SB
LGAAAAALL	LLAAVAALL	HLA-A*02:01	6572.13		11.41	<=SB
LAAALAALL	LLAAVAALL	HLA-A*02:01	1318.49		11.41	<=SB
LLQAVAALA	LLAAVAALL	HLA-A*02:01	129.65		11.41	<=SB
LLAAAAALP	LLAAVAALL	HLA-A*02:01	1918.40		11.41	<=SB
LLSTDALPS	LLSTAALPV	HLA-A*02:01	3545.61		14.88	<=WB
ILCLRLLRI	ALMLRLLRI	HLA-A*02:01	1283.73		54.53	<=SB
ALMLRGLRR	ALMLRLLRI	HLA-A*02:01	19077.94		54.53	<=SB
LQLAHLVYR	SQLAHLVYV	HLA-A*02:01	10391.64		5.15	<=SB
FLGRDPGPA	FLGDDPSPA	HLA-A*02:01	364.34		26.33	<=SB
RLTGIPAGY	RLTGYPAGI	HLA-A*02:01	12601.98		80.62	<=WB
GLARLCALW	GLARLDALV	HLA-A*02:01	8839.07		37.36	<=WB
AALEACLDV	ALLEACLRV	HLA-A*02:01	1878.49		8.77	<=SB
ALLEASLRN	ALLEACLRV	HLA-A*02:01	13642.72		8.77	<=SB
LIYLANLEA	FIYLALLEA	HLA-A*02:01	715.46		34.51	<=WB
PIYLALLVA	FIYLALLEA	HLA-A*02:01	6863.93		34.51	<=WB
PLCSADAAV	FLCTADAAV	HLA-A*02:01	3071.86		9.75	<=WB
ICVVSSLLV	ILVVSLLLV	HLA-A*02:01	6731.76		34.06	<=WB
DLLLSVEGV	SLLLVVEGV	HLA-A*02:01	1858.88		12.64	<=SB
RYPRYLALL	RLPRYLACL	HLA-A*02:01	15959.43		95.93	<=WB
LLFFSVYAQ	GLFFSVYAL	HLA-A*02:01	3269.58		8.01	<=SB
GNAVVLWLL	GLAVVLWSL	HLA-A*02:01	9293.54		14.44	<=SB
TVTANVYVV	VVTAIVYVV	HLA-A*02:01	798.17		127.74	<=WB
VIICLLVLV	VIIAALVLV	HLA-A*02:01	92.21		31.42	<=WB
IYEETSGML	ILEETSVML	HLA-A*02:01	23135.62		43.46	<=SB
AYTPVVVTQ	ALTPVVVTL	HLA-A*02:01	38363.28		23.81	<=SB
PLFSLLPGY	SLFSLLPGV	HLA-A*02:01	16402.86		3.47	<=SB
FALVLESID	FLLVLESIL	HLA-A*02:01	31431.86		29.48	<=WB
DVGSVLLAV	SVGSVLLTV	HLA-A*02:01	3313.49		51.96	<=SB
LTTTLSARV	LLTTLSNRV	HLA-A*02:01	2852.24		94.07	<=WB
VLLEKATRK	VLLEKATIL	HLA-A*02:01	19352.37		117.85	<=SB
SPPPPGTRH	STPPPGTRV	HLA-A*02:01	44828.83		6637.16	<=WB
IAGQGTIAL	IAGPGTITL	HLA-A*02:01	13163.20		6720.55	<=WB
FLLLLIPGE	FLCLLIPGL	HLA-A*02:01	1521.61		12.55	<=SB
CGLSWAPPV	VVLSWAPPV	HLA-A*02:01	1201.75		12.76	<=WB
QLTYLDVSK	FLTYLDVSV	HLA-A*02:01	22186.16		3.94	<=SB
DLGASSLHV	KLGASPLHV	HLA-A*02:01	5283.12		52.41	<=SB
SQALQEHRL	SQFGQEHRL	HLA-A*02:01	7519.60		590.20	<=SB
LLAVTLAGN	LLAGTLAGV	HLA-A*02:01	7538.49		3.87	<=SB
LLLLLCVSV	SLLLLPVSV	HLA-A*02:01	72.87		10.80	<=SB
LVAILPYYI	LLAILPYYV	HLA-A*02:01	97.46		3.67	<=SB
YFFIGNLAL	YIFLGNLAL	HLA-A*02:01	705.55		22.81	<=SB
YYFLGNLAF	YIFLGNLAL	HLA-A*02:01	10595.10		22.81	<=SB
FKFTFFVSI	FLFTFFASI	HLA-A*02:01	5419.58		6.74	<=SB
VLGAAFSSN	VLFAAFSSA	HLA-A*02:01	18628.98		38.16	<=WB
GLSGNLIAS	GLFGNLIAL	HLA-A*02:01	1689.29		6.57	<=SB
AIIVFVFAL	YIIVFVVAL	HLA-A*02:01	323.77		185.70	<=WB
AVANAAILH	AVAGAAILV	HLA-A*02:01	29647.06		257.43	<=WB
LLMLGLWGQ	LLLLGLWGL	HLA-A*02:01	3143.17		10.69	<=SB
SPSPLQAKL	SLSPLQAEL	HLA-A*02:01	25423.08		40.66	<=SB
CLDCAQQNL	YLDPAQQNL	HLA-A*02:01	435.09		10.07	<=SB
TNDKFTPPV	FIDKFTPPV	HLA-A*02:01	8135.41		4.33	<=SB
LKIDLTSFV	LLIDLTSFL	HLA-A*02:01	8479.34		4.81	<=SB
ARSAGVGAR	ALSAGVGAV	HLA-A*02:01	37462.09		76.26	<=WB
ILDEKPKIQ	ILDEKPVII	HLA-A*02:01	25653.52		85.68	<=SB
IMSGPVPSR	IMSGEVPSM	HLA-A*02:01	11778.72		79.45	<=SB
FLDHLLVLK	TLDHLLVLL	HLA-A*02:01	3787.32		34.73	<=SB
VQYLTMLPL	VQYLGMLPV	HLA-A*02:01	405.96		34.31	<=WB
ISVLASPSV	YMVLASPSV	HLA-A*02:01	2575.38		5.67	<=SB
KSVSLLILA	KVVSLVILA	HLA-A*02:01	2807.02		756.46	<=WB
LWLPSLFLL	VLLPSLFLL	HLA-A*02:01	1328.75		5.15	<=SB
PLLPLLADL	RLLPLLALL	HLA-A*02:01	666.18		7.52	<=SB
EMNILLQYV	VMNILLQYV	HLA-A*02:01	423.84		12.16	<=SB
VSLLILAGL	VMLFILAGL	HLA-A*02:01	2044.71		21.43	<=WB
AMAKQLQAR	AMAAQLQAV	HLA-A*02:01	16284.03		8.58	<=SB
QALPALAGA	LLLPALAGA	HLA-A*02:01	5912.73		10.80	<=SB
LLLPARAGP	LLLPALAGA	HLA-A*02:01	5517.74		10.80	<=SB
DLGDDQSPA	FLGDDPSPA	HLA-A*02:01	20347.18		26.33	<=SB
QRVEFLCGL	QLVDFLCGL	HLA-A*02:01	13958.52		9.76	<=SB
LDLLGGWGL	LLLLGLWGL	HLA-A*02:01	18837.75		10.69	<=SB
LVLGLVMGE	LVLPLVMGV	HLA-A*02:01	13355.00		12.11	<=SB
NLIASSLGM	NLIALSLGL	HLA-A*02:01	382.02		23.47	<=WB
GLCTLVLMP	GLCTLVAML	HLA-A*02:01	6809.56		62.23	<=WB
TWDQVPFSV	IMDQVPFSV	HLA-A*02:01	5021.72		4.36	<=SB
LLPVLLEHR	LLPPLLEHL	HLA-A*02:01	22504.80		77.01	<=SB
TWDQVPFSV	ITDQVPFSV	HLA-A*02:01	5021.72		119.50	<=SB
TWDQVPFSV	ITDQVPFSV	HLA-A*02:01	5021.72		119.50	<=SB
LEMPAGVPM	LLMPAGVPL	HLA-A*02:01	12333.27		7.59	<=SB
CMLVLLAGI	AMLVLLAEI	HLA-A*02:01	123.91		21.56	<=WB
LLKRMPAGV	LLLRSPAGV	HLA-A*02:01	668.66		16.12	<=SB
FLCLLTPGS	FLCLLIPGL	HLA-A*02:01	659.61		12.55	<=SB
SLLLLPKST	SLLLLPVSV	HLA-A*02:01	4119.88		10.80	<=SB
VCEETSLML	VLEETSVML	HLA-A*02:01	15949.93		89.11	<=SB
LLQAARPRR	LLWAARPRL	HLA-A*02:01	26232.30		41.13	<=SB
RSLGSLSDL	ILLGSLSDL	HLA-A*02:01	9801.26		47.26	<=SB
LLLGLLFFK	FLLGLLFFV	HLA-A*02:01	4447.84		3.50	<=SB
KINEGDLLA	KLSEGDLLA	HLA-A*02:01	2427.51		120.57	<=SB
LLTKKLPRX	LLIKKLPRV	HLA-A*02:01	9523.40		7.85	<=SB
LIASNVMGQ	LIASNVAGV	HLA-A*02:01	23234.96		20.73	<=WB
KVLGLWAMF	KVLGLWATV	HLA-A*02:01	4456.22		30.67	<=WB
LLSQAALPA	LLSTAALPV	HLA-A*02:01	204.84		14.88	<=WB
AAGLGLLPA	ALGLGLLPV	HLA-A*02:01	5935.36		14.37	<=SB
HAMNIQQQL	KLMNIQQQL	HLA-A*02:01	9722.99		12.53	<=SB
LLAGTLAEQ	LLAGTLAGV	HLA-A*02:01	4613.01		3.87	<=SB
GRPRCVARL	GLPRYVARL	HLA-A*02:01	31449.56		152.10	<=WB
LQPPEEVGL	LQPPDPVGL	HLA-A*02:01	10518.45		6540.07	<=WB
SLSRFSWVG	SLSRFSWGA	HLA-A*02:01	1958.74		26.88	<=WB
LXWESGCTV	MVWESGCTV	HLA-A*02:01	747.42		22.98	<=SB
ALLGDLRPH	ALLGGLRPV	HLA-A*02:01	16110.71		4.18	<=SB
ALLFLTLGX	ALLGLTLGV	HLA-A*02:01	1150.46		4.60	<=SB
ALPVCLMTQ	ALPVYLMTL	HLA-A*02:01	15716.60		35.69	<=SB
GLELMASIL	KLEPMASIL	HLA-A*02:01	2939.17		901.38	<=WB
LLLQITVLS	WLLQITVLL	HLA-A*02:01	791.09		13.80	<=SB
LGLAAVARV	KQLAAVARV	HLA-A*02:01	3672.67		29.60	<=SB
LFPTTVSGL	LLATTVSGL	HLA-A*02:01	14260.78		44.36	<=WB
SVASTSTGC	SVASTITGV	HLA-A*02:01	15030.90		57.37	<=SB
RDALVLPAV	RLPLVLPAV	HLA-A*02:01	5818.55		9.17	<=SB
GLLGRVSTS	GLLGNVSTV	HLA-A*02:01	2269.10		11.94	<=SB
VLGGCRKLL	VLGGCRHKL	HLA-A*02:01	4908.64		1434.40	<=WB
ALTAPAEEG	ALTAVAEEV	HLA-A*02:01	20653.94		47.66	<=SB
FLSWSLLVS	FLSLSLLVI	HLA-A*02:01	131.94		45.98	<=WB
KMMAFTLEE	KMYAFTLES	HLA-A*02:01	573.31		50.74	<=WB
AQLQAVMGD	AQLQAVPGA	HLA-A*02:01	18609.44		420.39	<=WB
DLTVFLNSL	DLTSFLLSL	HLA-A*02:01	5406.70		915.10	<=WB
